tenor,yield
3M,0.041614041755102235
6M,0.04302587938378634
1Y,0.0453456426656781
2Y,0.04851407920752356
5Y,0.05238453994591544
10Y,0.05381639519345945
30Y,0.05461111099519404
